tweet_id,timestamp,brand,category,tweet
1001,2026-09-24 08:37:47,NovaApp,App Performance,"Hey @NovaApp, your support is non-existent. Waiting hours for a app performance response!"
1002,2026-09-24 21:15:47,TechPulse,Delivery,Huge thanks to @TechPulse support team for fixing my delivery issue so quickly!
1003,2026-09-27 19:12:47,GlobalPay,Delivery,Huge thanks to @GlobalPay support team for fixing my delivery issue so quickly!
1004,2026-09-28 08:58:47,CloudNet,Billing,Absolutely loving the new release from @CloudNet! The billing experience is smooth.
1005,2026-09-22 08:22:47,CloudNet,Product,Worst experience ever with @CloudNet. Constant crashes and bugs in product.
1006,2026-09-27 10:29:47,CloudNet,Product,"Hey @CloudNet, your support is non-existent. Waiting hours for a product response!"
1007,2026-09-23 17:01:47,CloudNet,Billing,Huge thanks to @CloudNet support team for fixing my billing issue so quickly!
1008,2026-09-25 05:19:47,CloudNet,Billing,"Hey @CloudNet, your support is non-existent. Waiting hours for a billing response!"
1009,2026-09-27 03:05:47,CloudNet,Product,Super impressed with @CloudNet! Fast response and great usability.
1010,2026-09-24 21:29:47,TechPulse,App Performance,Best decision to switch to @TechPulse. Exceptional service in app performance!
1011,2026-09-28 18:21:47,NovaApp,Delivery,The latest update to @NovaApp is fantastic. Great improvement in delivery.
1012,2026-09-26 13:11:47,GlobalPay,Delivery,Super impressed with @GlobalPay! Fast response and great usability.
1013,2026-09-25 11:09:47,TechPulse,Billing,Best decision to switch to @TechPulse. Exceptional service in billing!
1014,2026-09-28 19:26:47,NovaApp,Product,Huge thanks to @NovaApp support team for fixing my product issue so quickly!
1015,2026-09-22 01:32:47,TechPulse,Product,System is down again for @TechPulse. Unacceptable quality of service.
1016,2026-09-24 22:46:47,AcmeCorp,App Performance,The latest update to @AcmeCorp is fantastic. Great improvement in app performance.
1017,2026-09-28 08:57:47,AcmeCorp,Delivery,Worst experience ever with @AcmeCorp. Constant crashes and bugs in delivery.
1018,2026-09-28 02:44:47,TechPulse,Customer Support,System is down again for @TechPulse. Unacceptable quality of service.
1019,2026-09-23 07:17:47,CloudNet,App Performance,Avoid @CloudNet if you care about reliable app performance. Utter disaster.
1020,2026-09-26 04:12:47,TechPulse,Billing,Best decision to switch to @TechPulse. Exceptional service in billing!
1021,2026-09-22 13:35:47,TechPulse,Delivery,"Hey @TechPulse, your support is non-existent. Waiting hours for a delivery response!"
1022,2026-09-28 13:59:47,GlobalPay,Delivery,Super impressed with @GlobalPay! Fast response and great usability.
1023,2026-09-27 18:54:47,AcmeCorp,Billing,The latest update to @AcmeCorp is fantastic. Great improvement in billing.
1024,2026-09-27 11:54:47,NovaApp,Product,"Hey @NovaApp, your support is non-existent. Waiting hours for a product response!"
1025,2026-09-23 07:27:47,AcmeCorp,App Performance,The latest update to @AcmeCorp is fantastic. Great improvement in app performance.
1026,2026-09-24 11:15:47,AcmeCorp,Product,Absolutely loving the new release from @AcmeCorp! The product experience is smooth.
1027,2026-09-26 20:09:47,CloudNet,Billing,Avoid @CloudNet if you care about reliable billing. Utter disaster.
1028,2026-09-24 03:26:47,AcmeCorp,Product,Best decision to switch to @AcmeCorp. Exceptional service in product!
1029,2026-09-26 22:27:47,NovaApp,Billing,Avoid @NovaApp if you care about reliable billing. Utter disaster.
1030,2026-09-28 07:21:47,GlobalPay,Delivery,"Hey @GlobalPay, your support is non-existent. Waiting hours for a delivery response!"
1031,2026-09-22 08:46:47,GlobalPay,App Performance,"Hey @GlobalPay, your support is non-existent. Waiting hours for a app performance response!"
1032,2026-09-25 18:56:47,CloudNet,Product,System is down again for @CloudNet. Unacceptable quality of service.
1033,2026-09-25 14:29:47,AcmeCorp,Customer Support,Avoid @AcmeCorp if you care about reliable customer support. Utter disaster.
1034,2026-09-23 17:51:47,NovaApp,Billing,Best decision to switch to @NovaApp. Exceptional service in billing!
1035,2026-09-24 16:24:47,AcmeCorp,Customer Support,"Hey @AcmeCorp, your support is non-existent. Waiting hours for a customer support response!"
1036,2026-09-23 06:18:47,CloudNet,Billing,Huge thanks to @CloudNet support team for fixing my billing issue so quickly!
1037,2026-09-25 23:30:47,AcmeCorp,Product,System is down again for @AcmeCorp. Unacceptable quality of service.
1038,2026-09-28 08:14:47,AcmeCorp,Customer Support,Super impressed with @AcmeCorp! Fast response and great usability.
1039,2026-09-28 10:53:47,TechPulse,Customer Support,Huge thanks to @TechPulse support team for fixing my customer support issue so quickly!
1040,2026-09-24 14:51:47,TechPulse,Customer Support,System is down again for @TechPulse. Unacceptable quality of service.
1041,2026-09-23 16:52:47,CloudNet,App Performance,System is down again for @CloudNet. Unacceptable quality of service.
1042,2026-09-25 00:08:47,TechPulse,Billing,The latest update to @TechPulse is fantastic. Great improvement in billing.
1043,2026-09-22 07:43:47,AcmeCorp,Delivery,System is down again for @AcmeCorp. Unacceptable quality of service.
1044,2026-09-28 02:12:47,NovaApp,Delivery,Absolutely loving the new release from @NovaApp! The delivery experience is smooth.
1045,2026-09-23 14:03:47,AcmeCorp,Billing,Really disappointed with @AcmeCorp. The billing is completely broken after the update.
1046,2026-09-26 08:54:47,GlobalPay,App Performance,Super impressed with @GlobalPay! Fast response and great usability.
1047,2026-09-25 18:24:47,AcmeCorp,Product,Worst experience ever with @AcmeCorp. Constant crashes and bugs in product.
1048,2026-09-23 18:32:47,CloudNet,Customer Support,System is down again for @CloudNet. Unacceptable quality of service.
1049,2026-09-28 11:02:47,AcmeCorp,Billing,"Hey @AcmeCorp, your support is non-existent. Waiting hours for a billing response!"
1050,2026-09-28 10:54:47,NovaApp,App Performance,Huge thanks to @NovaApp support team for fixing my app performance issue so quickly!
1051,2026-09-28 02:34:47,CloudNet,Delivery,Really disappointed with @CloudNet. The delivery is completely broken after the update.
1052,2026-09-23 23:31:47,CloudNet,Customer Support,Absolutely loving the new release from @CloudNet! The customer support experience is smooth.
1053,2026-09-28 04:12:47,GlobalPay,Delivery,System is down again for @GlobalPay. Unacceptable quality of service.
1054,2026-09-25 16:02:47,NovaApp,App Performance,"Hey @NovaApp, your support is non-existent. Waiting hours for a app performance response!"
1055,2026-09-28 17:05:47,NovaApp,Customer Support,Huge thanks to @NovaApp support team for fixing my customer support issue so quickly!
1056,2026-09-22 12:09:47,AcmeCorp,Product,Super impressed with @AcmeCorp! Fast response and great usability.
1057,2026-09-25 02:11:47,AcmeCorp,Billing,Worst experience ever with @AcmeCorp. Constant crashes and bugs in billing.
1058,2026-09-22 19:06:47,GlobalPay,Delivery,Super impressed with @GlobalPay! Fast response and great usability.
1059,2026-09-26 10:48:47,TechPulse,Delivery,Best decision to switch to @TechPulse. Exceptional service in delivery!
1060,2026-09-24 17:10:47,NovaApp,Billing,Avoid @NovaApp if you care about reliable billing. Utter disaster.
1061,2026-09-28 20:03:47,NovaApp,App Performance,Super impressed with @NovaApp! Fast response and great usability.
1062,2026-09-23 19:01:47,TechPulse,Customer Support,Worst experience ever with @TechPulse. Constant crashes and bugs in customer support.
1063,2026-09-25 15:57:47,TechPulse,App Performance,Best decision to switch to @TechPulse. Exceptional service in app performance!
1064,2026-09-28 19:30:47,CloudNet,Delivery,The latest update to @CloudNet is fantastic. Great improvement in delivery.
1065,2026-09-22 23:38:47,AcmeCorp,Billing,"Hey @AcmeCorp, your support is non-existent. Waiting hours for a billing response!"
1066,2026-09-28 09:29:47,NovaApp,Billing,The latest update to @NovaApp is fantastic. Great improvement in billing.
1067,2026-09-28 04:52:47,GlobalPay,Customer Support,Huge thanks to @GlobalPay support team for fixing my customer support issue so quickly!
1068,2026-09-25 01:39:47,TechPulse,Billing,System is down again for @TechPulse. Unacceptable quality of service.
1069,2026-09-25 07:18:47,NovaApp,Billing,Really disappointed with @NovaApp. The billing is completely broken after the update.
1070,2026-09-27 19:11:47,AcmeCorp,Product,Super impressed with @AcmeCorp! Fast response and great usability.
1071,2026-09-24 18:12:47,AcmeCorp,Customer Support,System is down again for @AcmeCorp. Unacceptable quality of service.
1072,2026-09-22 20:43:47,AcmeCorp,Product,The latest update to @AcmeCorp is fantastic. Great improvement in product.
1073,2026-09-26 07:03:47,TechPulse,Customer Support,Avoid @TechPulse if you care about reliable customer support. Utter disaster.
1074,2026-09-25 16:37:47,GlobalPay,Customer Support,Avoid @GlobalPay if you care about reliable customer support. Utter disaster.
1075,2026-09-26 16:34:47,NovaApp,Product,System is down again for @NovaApp. Unacceptable quality of service.
1076,2026-09-26 18:27:47,AcmeCorp,Delivery,Huge thanks to @AcmeCorp support team for fixing my delivery issue so quickly!
1077,2026-09-22 15:00:47,CloudNet,Customer Support,Super impressed with @CloudNet! Fast response and great usability.
1078,2026-09-23 23:45:47,AcmeCorp,Billing,System is down again for @AcmeCorp. Unacceptable quality of service.
1079,2026-09-27 00:03:47,TechPulse,Billing,Really disappointed with @TechPulse. The billing is completely broken after the update.
1080,2026-09-28 20:35:47,NovaApp,App Performance,Worst experience ever with @NovaApp. Constant crashes and bugs in app performance.
1081,2026-09-23 12:58:47,NovaApp,App Performance,Super impressed with @NovaApp! Fast response and great usability.
1082,2026-09-25 03:23:47,TechPulse,Customer Support,Worst experience ever with @TechPulse. Constant crashes and bugs in customer support.
1083,2026-09-25 04:53:47,CloudNet,Customer Support,Absolutely loving the new release from @CloudNet! The customer support experience is smooth.
1084,2026-09-24 19:07:47,AcmeCorp,Billing,Super impressed with @AcmeCorp! Fast response and great usability.
1085,2026-09-27 00:22:47,TechPulse,Delivery,Super impressed with @TechPulse! Fast response and great usability.
1086,2026-09-22 16:48:47,AcmeCorp,Delivery,The latest update to @AcmeCorp is fantastic. Great improvement in delivery.
1087,2026-09-22 04:31:47,TechPulse,App Performance,Best decision to switch to @TechPulse. Exceptional service in app performance!
1088,2026-09-28 10:30:47,GlobalPay,Product,Worst experience ever with @GlobalPay. Constant crashes and bugs in product.
1089,2026-09-23 16:15:47,NovaApp,App Performance,Worst experience ever with @NovaApp. Constant crashes and bugs in app performance.
1090,2026-09-28 18:33:47,NovaApp,Product,Avoid @NovaApp if you care about reliable product. Utter disaster.
1091,2026-09-24 21:32:47,AcmeCorp,Product,The latest update to @AcmeCorp is fantastic. Great improvement in product.
1092,2026-09-23 15:16:47,AcmeCorp,App Performance,"Hey @AcmeCorp, your support is non-existent. Waiting hours for a app performance response!"
1093,2026-09-25 15:28:47,TechPulse,Customer Support,"Hey @TechPulse, your support is non-existent. Waiting hours for a customer support response!"
1094,2026-09-22 07:32:47,GlobalPay,Product,Absolutely loving the new release from @GlobalPay! The product experience is smooth.
1095,2026-09-24 03:33:47,CloudNet,App Performance,Avoid @CloudNet if you care about reliable app performance. Utter disaster.
1096,2026-09-27 23:39:47,TechPulse,Delivery,The latest update to @TechPulse is fantastic. Great improvement in delivery.
1097,2026-09-27 14:12:47,GlobalPay,Delivery,Worst experience ever with @GlobalPay. Constant crashes and bugs in delivery.
1098,2026-09-22 01:22:47,GlobalPay,Customer Support,Huge thanks to @GlobalPay support team for fixing my customer support issue so quickly!
1099,2026-09-26 16:17:47,TechPulse,Delivery,System is down again for @TechPulse. Unacceptable quality of service.
1100,2026-09-22 06:20:47,NovaApp,Customer Support,Super impressed with @NovaApp! Fast response and great usability.
1101,2026-09-22 02:29:47,CloudNet,Billing,Absolutely loving the new release from @CloudNet! The billing experience is smooth.
1102,2026-09-27 22:59:47,AcmeCorp,App Performance,System is down again for @AcmeCorp. Unacceptable quality of service.
1103,2026-09-28 17:57:47,NovaApp,Billing,Huge thanks to @NovaApp support team for fixing my billing issue so quickly!
1104,2026-09-23 04:33:47,CloudNet,App Performance,Worst experience ever with @CloudNet. Constant crashes and bugs in app performance.
1105,2026-09-23 09:07:47,AcmeCorp,Billing,"Hey @AcmeCorp, your support is non-existent. Waiting hours for a billing response!"
1106,2026-09-26 17:01:47,GlobalPay,Customer Support,"Hey @GlobalPay, your support is non-existent. Waiting hours for a customer support response!"
1107,2026-09-27 17:57:47,NovaApp,App Performance,Absolutely loving the new release from @NovaApp! The app performance experience is smooth.
1108,2026-09-24 11:03:47,CloudNet,App Performance,Huge thanks to @CloudNet support team for fixing my app performance issue so quickly!
1109,2026-09-24 21:37:47,AcmeCorp,Product,Huge thanks to @AcmeCorp support team for fixing my product issue so quickly!
1110,2026-09-26 18:41:47,AcmeCorp,Product,Really disappointed with @AcmeCorp. The product is completely broken after the update.
1111,2026-09-23 15:02:47,GlobalPay,App Performance,Best decision to switch to @GlobalPay. Exceptional service in app performance!
1112,2026-09-27 22:28:47,CloudNet,Billing,"Hey @CloudNet, your support is non-existent. Waiting hours for a billing response!"
1113,2026-09-24 02:26:47,CloudNet,Product,"Hey @CloudNet, your support is non-existent. Waiting hours for a product response!"
1114,2026-09-21 23:27:47,TechPulse,Delivery,Best decision to switch to @TechPulse. Exceptional service in delivery!
1115,2026-09-26 11:58:47,AcmeCorp,Customer Support,"Hey @AcmeCorp, your support is non-existent. Waiting hours for a customer support response!"
1116,2026-09-26 17:09:47,GlobalPay,Billing,The latest update to @GlobalPay is fantastic. Great improvement in billing.
1117,2026-09-24 18:30:47,TechPulse,Delivery,Best decision to switch to @TechPulse. Exceptional service in delivery!
1118,2026-09-24 12:52:47,AcmeCorp,Product,Super impressed with @AcmeCorp! Fast response and great usability.
1119,2026-09-26 07:02:47,CloudNet,Product,The latest update to @CloudNet is fantastic. Great improvement in product.
1120,2026-09-26 22:37:47,NovaApp,Billing,Worst experience ever with @NovaApp. Constant crashes and bugs in billing.
1121,2026-09-26 23:25:47,NovaApp,Billing,Super impressed with @NovaApp! Fast response and great usability.
1122,2026-09-26 00:48:47,AcmeCorp,Customer Support,"Hey @AcmeCorp, your support is non-existent. Waiting hours for a customer support response!"
1123,2026-09-26 19:45:47,CloudNet,Billing,Worst experience ever with @CloudNet. Constant crashes and bugs in billing.
1124,2026-09-22 18:21:47,NovaApp,App Performance,Huge thanks to @NovaApp support team for fixing my app performance issue so quickly!
1125,2026-09-21 22:27:47,NovaApp,Product,Best decision to switch to @NovaApp. Exceptional service in product!
1126,2026-09-28 21:25:47,NovaApp,Delivery,System is down again for @NovaApp. Unacceptable quality of service.
1127,2026-09-26 09:14:47,TechPulse,App Performance,The latest update to @TechPulse is fantastic. Great improvement in app performance.
1128,2026-09-22 08:32:47,NovaApp,Delivery,Really disappointed with @NovaApp. The delivery is completely broken after the update.
1129,2026-09-26 08:55:47,TechPulse,Product,Super impressed with @TechPulse! Fast response and great usability.
1130,2026-09-25 08:06:47,NovaApp,Customer Support,Absolutely loving the new release from @NovaApp! The customer support experience is smooth.
1131,2026-09-28 14:50:47,NovaApp,Customer Support,Really disappointed with @NovaApp. The customer support is completely broken after the update.
1132,2026-09-28 07:20:47,AcmeCorp,Customer Support,Super impressed with @AcmeCorp! Fast response and great usability.
1133,2026-09-25 05:37:47,NovaApp,App Performance,Absolutely loving the new release from @NovaApp! The app performance experience is smooth.
1134,2026-09-22 15:13:47,CloudNet,App Performance,"Hey @CloudNet, your support is non-existent. Waiting hours for a app performance response!"
1135,2026-09-23 03:44:47,AcmeCorp,Delivery,System is down again for @AcmeCorp. Unacceptable quality of service.
1136,2026-09-25 04:12:47,TechPulse,Customer Support,"Hey @TechPulse, your support is non-existent. Waiting hours for a customer support response!"
1137,2026-09-27 06:16:47,GlobalPay,Customer Support,Worst experience ever with @GlobalPay. Constant crashes and bugs in customer support.
1138,2026-09-26 18:49:47,AcmeCorp,App Performance,System is down again for @AcmeCorp. Unacceptable quality of service.
1139,2026-09-27 09:45:47,NovaApp,Billing,System is down again for @NovaApp. Unacceptable quality of service.
1140,2026-09-28 04:26:47,GlobalPay,Product,Really disappointed with @GlobalPay. The product is completely broken after the update.
1141,2026-09-27 00:33:47,NovaApp,Billing,Avoid @NovaApp if you care about reliable billing. Utter disaster.
1142,2026-09-23 19:21:47,AcmeCorp,Product,Best decision to switch to @AcmeCorp. Exceptional service in product!
1143,2026-09-28 11:15:47,TechPulse,Product,Worst experience ever with @TechPulse. Constant crashes and bugs in product.
1144,2026-09-28 14:56:47,TechPulse,Delivery,Really disappointed with @TechPulse. The delivery is completely broken after the update.
1145,2026-09-25 14:32:47,GlobalPay,Product,Avoid @GlobalPay if you care about reliable product. Utter disaster.
1146,2026-09-27 05:04:47,AcmeCorp,Customer Support,Huge thanks to @AcmeCorp support team for fixing my customer support issue so quickly!
1147,2026-09-26 12:49:47,TechPulse,Delivery,Super impressed with @TechPulse! Fast response and great usability.
1148,2026-09-23 19:48:47,NovaApp,Customer Support,Worst experience ever with @NovaApp. Constant crashes and bugs in customer support.
1149,2026-09-24 14:27:47,TechPulse,Delivery,Absolutely loving the new release from @TechPulse! The delivery experience is smooth.
1150,2026-09-26 12:00:47,CloudNet,Customer Support,Huge thanks to @CloudNet support team for fixing my customer support issue so quickly!
1151,2026-09-28 10:38:47,AcmeCorp,Billing,The latest update to @AcmeCorp is fantastic. Great improvement in billing.
1152,2026-09-26 10:22:47,GlobalPay,Delivery,Huge thanks to @GlobalPay support team for fixing my delivery issue so quickly!
1153,2026-09-27 17:26:47,AcmeCorp,Product,Avoid @AcmeCorp if you care about reliable product. Utter disaster.
1154,2026-09-23 05:34:47,CloudNet,Billing,Absolutely loving the new release from @CloudNet! The billing experience is smooth.
1155,2026-09-23 03:19:47,TechPulse,Product,Avoid @TechPulse if you care about reliable product. Utter disaster.
1156,2026-09-26 17:30:47,AcmeCorp,Product,Really disappointed with @AcmeCorp. The product is completely broken after the update.
1157,2026-09-28 13:17:47,NovaApp,Product,Really disappointed with @NovaApp. The product is completely broken after the update.
1158,2026-09-23 06:28:47,TechPulse,Customer Support,Really disappointed with @TechPulse. The customer support is completely broken after the update.
1159,2026-09-24 09:37:47,AcmeCorp,Billing,Absolutely loving the new release from @AcmeCorp! The billing experience is smooth.
1160,2026-09-27 05:23:47,GlobalPay,Delivery,Super impressed with @GlobalPay! Fast response and great usability.
1161,2026-09-24 02:35:47,AcmeCorp,App Performance,System is down again for @AcmeCorp. Unacceptable quality of service.
1162,2026-09-27 09:18:47,GlobalPay,Product,Absolutely loving the new release from @GlobalPay! The product experience is smooth.
1163,2026-09-26 04:58:47,TechPulse,Customer Support,Worst experience ever with @TechPulse. Constant crashes and bugs in customer support.
1164,2026-09-25 18:08:47,TechPulse,Delivery,Worst experience ever with @TechPulse. Constant crashes and bugs in delivery.
1165,2026-09-27 05:54:47,GlobalPay,Product,Avoid @GlobalPay if you care about reliable product. Utter disaster.
1166,2026-09-24 06:15:47,CloudNet,Billing,Really disappointed with @CloudNet. The billing is completely broken after the update.
1167,2026-09-25 13:29:47,AcmeCorp,Delivery,Best decision to switch to @AcmeCorp. Exceptional service in delivery!
1168,2026-09-26 00:08:47,TechPulse,Delivery,Huge thanks to @TechPulse support team for fixing my delivery issue so quickly!
1169,2026-09-22 14:08:47,GlobalPay,Product,Super impressed with @GlobalPay! Fast response and great usability.
1170,2026-09-27 18:23:47,AcmeCorp,Customer Support,Worst experience ever with @AcmeCorp. Constant crashes and bugs in customer support.
1171,2026-09-25 18:50:47,CloudNet,App Performance,The latest update to @CloudNet is fantastic. Great improvement in app performance.
1172,2026-09-21 23:27:47,TechPulse,Product,Best decision to switch to @TechPulse. Exceptional service in product!
1173,2026-09-27 20:17:47,NovaApp,App Performance,Absolutely loving the new release from @NovaApp! The app performance experience is smooth.
1174,2026-09-28 15:55:47,AcmeCorp,Delivery,Best decision to switch to @AcmeCorp. Exceptional service in delivery!
1175,2026-09-23 06:53:47,GlobalPay,App Performance,Absolutely loving the new release from @GlobalPay! The app performance experience is smooth.
1176,2026-09-22 05:44:47,AcmeCorp,App Performance,Super impressed with @AcmeCorp! Fast response and great usability.
1177,2026-09-22 04:09:47,GlobalPay,Delivery,Absolutely loving the new release from @GlobalPay! The delivery experience is smooth.
1178,2026-09-23 12:53:47,AcmeCorp,Product,"Hey @AcmeCorp, your support is non-existent. Waiting hours for a product response!"
1179,2026-09-28 18:09:47,NovaApp,Delivery,Worst experience ever with @NovaApp. Constant crashes and bugs in delivery.
1180,2026-09-28 19:30:47,NovaApp,App Performance,Absolutely loving the new release from @NovaApp! The app performance experience is smooth.
1181,2026-09-25 22:19:47,TechPulse,App Performance,Huge thanks to @TechPulse support team for fixing my app performance issue so quickly!
1182,2026-09-24 19:45:47,TechPulse,App Performance,Best decision to switch to @TechPulse. Exceptional service in app performance!
1183,2026-09-28 05:58:47,AcmeCorp,Billing,Huge thanks to @AcmeCorp support team for fixing my billing issue so quickly!
1184,2026-09-28 03:37:47,GlobalPay,Billing,Best decision to switch to @GlobalPay. Exceptional service in billing!
1185,2026-09-21 21:39:47,GlobalPay,Customer Support,The latest update to @GlobalPay is fantastic. Great improvement in customer support.
1186,2026-09-25 02:04:47,CloudNet,Customer Support,The latest update to @CloudNet is fantastic. Great improvement in customer support.
1187,2026-09-27 06:32:47,NovaApp,Delivery,Absolutely loving the new release from @NovaApp! The delivery experience is smooth.
1188,2026-09-24 14:50:47,NovaApp,Product,Huge thanks to @NovaApp support team for fixing my product issue so quickly!
1189,2026-09-25 12:17:47,NovaApp,Customer Support,System is down again for @NovaApp. Unacceptable quality of service.
1190,2026-09-24 04:11:47,TechPulse,App Performance,The latest update to @TechPulse is fantastic. Great improvement in app performance.
1191,2026-09-22 19:28:47,AcmeCorp,Delivery,Super impressed with @AcmeCorp! Fast response and great usability.
1192,2026-09-25 07:24:47,NovaApp,Billing,The latest update to @NovaApp is fantastic. Great improvement in billing.
1193,2026-09-23 18:39:47,TechPulse,Billing,System is down again for @TechPulse. Unacceptable quality of service.
1194,2026-09-27 04:42:47,CloudNet,App Performance,System is down again for @CloudNet. Unacceptable quality of service.
1195,2026-09-23 02:12:47,AcmeCorp,Product,"Hey @AcmeCorp, your support is non-existent. Waiting hours for a product response!"
1196,2026-09-23 00:09:47,NovaApp,Delivery,Absolutely loving the new release from @NovaApp! The delivery experience is smooth.
1197,2026-09-23 04:46:47,GlobalPay,Product,Worst experience ever with @GlobalPay. Constant crashes and bugs in product.
1198,2026-09-27 23:57:47,TechPulse,Customer Support,Huge thanks to @TechPulse support team for fixing my customer support issue so quickly!
1199,2026-09-28 02:21:47,TechPulse,App Performance,"Hey @TechPulse, your support is non-existent. Waiting hours for a app performance response!"
1200,2026-09-22 17:36:47,GlobalPay,App Performance,Super impressed with @GlobalPay! Fast response and great usability.
